Chr	Start	Stop	Bas-variant	AA-variant	Exon
chr9	130862943	130862943	A > G	M244V	4
chr9	130862962	130862962	G > A	G250E	4
chr9	130862969	130862969	G > C	Q252H	4
chr9	130862970	130862970	T > C	Y253H	4
chr9	130862971	130862971	A > T	Y253F	4
chr9	130862976	130862976	G > A	E255K	4
chr9	130862977	130862977	A > T	E255V	4
chr9	130872201	130872201	G > C	V299L	5
chr9	130872883	130872883	T > C	F311L	6
chr9	130872896	130872896	C > T	T315I	6
chr9	130872903	130872903	T > C	F317L	6
chr9	130873004	130873004	T > C	M351T	7
chr9	130873027	130873027	T > G	F359V	7
chr9	130874969	130874969	A > G	H396R	8
chr17	7675088	7675088	C > T	R175H	Strukturell hotspot
chr17	7674220	7674220	C > T	R248Q	DNA-kontakt
chr17	7674221	7674221	G > A	R248W	DNA-kontakt
chr17	7673802	7673802	C > T	R273H	DNA-kontakt
chr17	7673803	7673803	G > A	R273C	DNA-kontakt
chr2	208248388	208248388	C > T	R132H	Vanligast i AML/Gliom
chr2	208248388	208248388	C > G	R132G	
chr2	208248389	208248389	G > A	R132C	Vanlig i AML
chr13	28034103	28034103	C > A	D835Y	Vanligaste TKD-varianten
chr13	28034103	28034103	C > T	D835H	
chr13	28034103	28034103	C > G	D835E
chr5	171410539	171410539	ins TCTG	W288Cfs*12	"""Typ A"" (c.860_863dup)"
